dz_label,overall_rank,income_deprivation_rank,employment_deprivation_rank,health_deprivation_rank,education_deprivation_rank,access_deprivation_rank,housing_deprivation_rank,crime_deprivation_rank
Data Zone S01001790,5976,6348,6004,5765,5746,1296,5824,5975
Data Zone S01001791,5686,5535,5797,6334,5988,991,5704,6487
Data Zone S01001792,5579,4882,4552,4806,5803,4933,5457,4748
Data Zone S01001793,5210,5077,4404,3741,5695,4336,4274,3575
Data Zone S01001794,5201,4276,4883,3573,5554,4695,4328,5362
Data Zone S01001795,5900,6278,6192,6421,5959,1052,4056,4456
Data Zone S01001796,6232,6488,6327,5751,6258,1617,6491,5254
Data Zone S01001797,3715,3354,3489,3670,2773,3787,2192,4758
Data Zone S01001798,6287,6493,6314,6301,6478,1626,6447,4971
Data Zone S01001799,371,330,485,1019,157,3099,785,975
Data Zone S01001800,5121,5180,5278,5179,5329,892,5237,5754
Data Zone S01001801,5975,6371,6377,6313,6387,814,5663,5325
Data Zone S01001802,4348,3751,4234,4604,3984,2182,4491,4610
Data Zone S01001803,5442,5325,5620,5915,4622,1560,4941,4747
Data Zone S01001804,4718,4232,3959,4052,4746,4533,4214,3245
Data Zone S01001805,4640,4789,4194,3242,4092,4224,3134,3168
Data Zone S01001806,5596,4944,5207,5688,5739,3649,5190,2447
Data Zone S01001807,5891,5750,5229,4449,5820,4612,6042,3483
Data Zone S01001808,2652,2954,2851,3669,1215,4526,2293,853
Data Zone S01001809,565,557,668,541,390,5536,709,1269
Data Zone S01001810,5263,4716,4691,5847,5086,2909,4183,3933
Data Zone S01001811,6258,6331,6248,6255,6486,1493,6478,6148
Data Zone S01001812,6431,6469,6398,6447,6485,2070,6505,6372
Data Zone S01001813,6294,6180,5684,6156,6234,2701,6108,6177
Data Zone S01001814,6091,6368,6085,5477,4995,2561,5060,4624
Data Zone S01001815,5221,5623,4597,4950,6092,1491,6021,3730
Data Zone S01001816,6198,6223,5961,6292,6501,1716,6284,5239
Data Zone S01001817,1365,1657,1754,1768,532,3339,1094,850
Data Zone S01001818,6423,6121,6425,6266,6414,2666,5538,6211
Data Zone S01001819,6121,6386,6322,6445,6475,1039,6327,5427
Data Zone S01001820,789,614,1147,1060,520,5315,651,671
Data Zone S01001821,4261,4547,5065,4347,1492,3032,6059,3681
Data Zone S01001822,4877,4355,5220,4860,3772,2816,3577,3096
Data Zone S01001823,859,1164,1334,484,403,5106,569,593
Data Zone S01001824,3701,2687,3215,3594,3695,5810,2883,4818
Data Zone S01001825,5556,5663,5637,6133,5664,1142,5379,4136
Data Zone S01001826,941,902,747,1298,1033,4676,871,1400
Data Zone S01001827,1649,1376,2062,2127,816,5755,875,1821
Data Zone S01001828,6099,6367,6415,6402,6213,977,5790,6232
Data Zone S01001829,5033,4885,4936,4736,6139,1463,3503,3849
Data Zone S01001830,6282,6035,6027,6119,6120,2840,5673,4670
Data Zone S01001831,3482,2653,3202,3552,4187,4532,1297,3528
Data Zone S01001832,1576,1716,1958,2004,960,3653,902,540
Data Zone S01001833,6328,6219,6302,6422,6471,1891,5955,5945
Data Zone S01001834,2383,2037,2073,2266,2464,5485,1294,4210
Data Zone S01001835,6259,6005,6173,6458,5964,2412,4985,4928
Data Zone S01001836,5655,5971,5813,5635,6143,1199,5166,3526
Data Zone S01001837,6292,5742,6022,6330,6220,3465,6065,4034
Data Zone S01001838,2390,2136,2637,3908,1319,3147,1245,2980
Data Zone S01001839,1106,1019,1433,601,1606,5125,833,401
Data Zone S01001840,6137,6209,6330,6107,6295,1771,6439,3329
Data Zone S01001841,4420,3254,4060,5023,4177,3829,2428,5658
Data Zone S01001842,6082,5813,5948,5993,4998,3225,5870,4120
Data Zone S01001843,775,698,432,1493,1270,5904,860,1141
Data Zone S01001844,6227,6369,6416,6347,5699,1629,5754,5452
Data Zone S01001845,6260,6451,6361,6222,6356,1438,5416,6225
Data Zone S01001846,6407,5999,6339,5937,5980,3551,5504,5878
Data Zone S01001847,1302,1413,1425,1082,822,5798,1278,1240
Data Zone S01001848,1439,1365,1538,1041,1437,4806,1231,1799
Data Zone S01001849,6202,5664,6102,6382,6487,2083,6301,5439
Data Zone S01001850,4633,3283,4917,4464,3741,6126,2031,3375
Data Zone S01001851,5569,5072,5570,5052,5080,4739,5563,1591
Data Zone S01001852,6157,6333,5978,6357,5570,2436,5556,3316
Data Zone S01001853,6487,6484,6426,5932,6464,4069,6198,5117
Data Zone S01001854,4684,4248,5792,3112,3001,3239,3737,4729
Data Zone S01001855,6169,5907,6221,5797,5093,3315,5918,3856
Data Zone S01001856,1324,882,1158,2091,1770,4995,1416,1833
Data Zone S01001857,2684,2722,3064,1465,2758,4938,2532,1271
Data Zone S01001858,5545,4331,5532,4011,5945,5325,6107,3525
Data Zone S01001859,1467,1687,1670,1696,850,4091,1167,768
Data Zone S01001860,6494,6474,6402,6423,6458,3824,6165,6150
Data Zone S01001861,1320,1356,1500,2529,1731,2469,628,63
Data Zone S01001862,6131,6156,6151,6319,5445,2826,5362,2556
Data Zone S01001863,5736,6111,5743,5333,4542,2705,5015,2896
Data Zone S01001864,698,556,987,519,930,3542,1733,800
Data Zone S01001865,307,427,139,720,662,4684,1537,283
Data Zone S01001866,6128,6269,6218,6225,6432,1346,5454,5134
Data Zone S01001867,1744,1922,1952,1871,861,3502,1385,2933
Data Zone S01001868,4091,4212,3773,2554,5294,2841,5113,2365
Data Zone S01001869,5595,4877,5314,5478,4660,5202,4582,2609
Data Zone S01001870,433,467,410,748,478,4076,663,534
Data Zone S01001871,4506,4241,4211,3859,4309,4585,821,2974
Data Zone S01001872,2495,2517,2350,2017,2118,5107,1968,2659
Data Zone S01001873,6464,6323,6367,5901,6455,3754,6252,5071
Data Zone S01001874,415,221,804,740,297,4468,1613,432
Data Zone S01001875,6371,6357,6229,6369,6480,2123,6211,5647
Data Zone S01001876,1613,1552,1621,1555,1447,4274,800,2207
Data Zone S01001877,583,454,413,798,936,4707,2320,2102
Data Zone S01001878,6474,6461,6400,6373,6481,3513,6249,4420
Data Zone S01001879,44,92,16,389,52,3483,778,236
Data Zone S01001880,206,191,127,744,595,6361,1075,152
Data Zone S01001881,5411,5762,4872,5532,5836,1377,5977,4352
Data Zone S01001882,3736,3973,4011,3222,3224,3461,2926,873
Data Zone S01001883,6138,6080,6341,6472,6343,1236,6121,5900
Data Zone S01001884,1447,1482,1664,1074,1160,3857,1343,1992
Data Zone S01001885,6373,6324,6139,6008,6333,2554,6461,5703
Data Zone S01001886,244,266,57,634,753,5085,3102,1894
Data Zone S01001887,3154,3133,3889,4157,2014,1149,1414,4669
Data Zone S01001888,6442,6457,6321,5306,6392,3788,6320,4791
Data Zone S01001889,5055,4298,4727,4622,4117,5299,3962,3384
Data Zone S01001890,2486,2355,2642,2033,2104,5343,2262,1652
Data Zone S01001891,2380,2499,3000,1761,1200,5523,723,3034
Data Zone S01001892,409,336,245,1329,446,5878,1226,991
Data Zone S01001893,748,834,654,1424,555,4670,1463,397
Data Zone S01001894,128,65,151,444,233,4738,1678,457
Data Zone S01001895,2101,1543,2626,3026,1306,4040,1517,2256
Data Zone S01001896,6315,5837,6121,6440,6488,2769,5129,4964
Data Zone S01001897,243,222,317,520,331,4639,1222,136
Data Zone S01001898,1386,1259,1189,1274,1425,5984,1036,2768
Data Zone S01001899,3176,2169,4073,3983,2665,4103,2043,1519
Data Zone S01001900,3162,3706,3118,3403,3251,1308,1497,2401
Data Zone S01001901,5751,5227,5438,5607,6408,2026,5660,5251
Data Zone S01001902,6502,6446,6335,6260,6347,5044,4646,6174
Data Zone S01001903,1507,973,2408,2217,865,4971,887,1168
Data Zone S01001904,826,1168,1004,190,1840,1255,2590,1872
Data Zone S01001905,6450,5797,6070,6386,6444,4452,4587,5707
Data Zone S01001906,125,303,234,64,115,3381,1350,20
Data Zone S01001907,1358,1462,1595,890,1090,5154,896,1312
Data Zone S01001908,5854,4654,5751,5845,6199,4821,3813,2497
Data Zone S01001909,476,736,365,1621,250,3740,2204,88
Data Zone S01001910,3844,3201,4005,4686,2160,4917,1413,3609
Data Zone S01001911,6435,6322,6290,6477,6482,2690,4713,5917
Data Zone S01001912,3673,3005,4493,3680,3342,4589,791,1103
Data Zone S01001913,4934,5063,5452,5838,2635,1670,4546,5033
Data Zone S01001914,6314,6256,5798,6328,6497,2303,6141,6094
Data Zone S01001915,6194,5988,5870,6123,5754,3010,5205,4286
Data Zone S01001916,6268,5963,5910,5549,5713,5835,1243,4193
Data Zone S01001917,6496,6485,6486,6299,6504,4051,5909,5494
Data Zone S01001918,4496,4105,4399,5458,3362,3295,349,4904
Data Zone S01001919,3829,3323,4647,3266,2899,3712,1105,2663
Data Zone S01001920,3627,3216,3881,3208,4290,2179,1249,3475
Data Zone S01001921,1749,1863,1788,2024,1460,2925,1487,1543
Data Zone S01001922,5601,5574,5609,5690,5910,1448,5595,3811
Data Zone S01001923,2698,3172,4558,2499,635,4327,852,1549
Data Zone S01001924,6243,5877,5632,5921,5767,3846,4519,5293
Data Zone S01001925,6403,6065,5994,6351,6479,4209,6375,3364
Data Zone S01001926,1637,2407,3224,693,593,4239,1197,362
Data Zone S01001927,6307,5840,6313,5363,6420,3142,5695,5348
Data Zone S01001928,3664,4998,2560,2063,4863,5625,877,1677
Data Zone S01001929,6505,6448,6458,6449,6334,4903,6045,5913
Data Zone S01001930,5200,4364,4078,4909,6164,6214,534,5358
Data Zone S01001931,570,509,827,743,304,3287,911,1348
Data Zone S01001932,2182,2786,3584,1428,1472,4268,1614,89
Data Zone S01001933,6361,6184,6089,5789,6146,3221,5736,5313
Data Zone S01001934,3777,3677,3907,2913,3383,4369,1602,1851
Data Zone S01001935,40,97,25,93,71,2280,1432,805
Data Zone S01001936,5845,5124,5779,5345,5773,2901,5057,4804
Data Zone S01001937,2499,2249,2968,2398,3283,3179,2844,480
Data Zone S01001938,6123,5122,5879,4958,6358,5161,2639,5225
Data Zone S01001939,6274,5902,6119,5378,5751,6480,582,4367
Data Zone S01001940,5445,5322,4889,3939,6078,2939,3791,5539
Data Zone S01001941,6427,6271,6283,6219,5969,3724,4166,4797
Data Zone S01001942,6004,4709,5186,6228,6402,6116,1612,5103
Data Zone S01001943,1788,1268,2503,2461,1108,4330,1299,1720
Data Zone S01001944,5476,4604,5652,3615,5855,4242,5072,4138
Data Zone S01001945,6463,5855,6440,6064,6435,4191,5964,5709
Data Zone S01001946,554,667,716,417,348,4350,1111,798
Data Zone S01001947,5850,5329,5007,4777,6177,3940,5222,5698
Data Zone S01001948,143,115,222,498,180,3492,650,191
Data Zone S01001949,1496,1157,2003,1495,894,4603,1262,3226
Data Zone S01001950,3615,3219,3995,3254,2400,5717,612,3093
Data Zone S01001951,2006,1551,1885,1057,4071,4569,2171,3734
Data Zone S01001952,6266,5849,5985,6087,6310,3028,3294,5622
Data Zone S01001953,6452,6355,6365,6242,6194,6091,1617,2699
Data Zone S01001954,2705,2990,2972,3559,2418,3644,2527,165
Data Zone S01001955,1203,938,1488,1170,1397,3025,1096,1595
Data Zone S01001956,908,1348,1134,708,260,3705,1089,2109
Data Zone S01001957,451,277,738,658,291,5905,748,1138
Data Zone S01001958,1811,1558,1804,1549,2038,3351,1737,4293
Data Zone S01001959,2856,3987,3431,2851,3039,713,1666,872
Data Zone S01001960,6217,6150,5967,5784,5938,4238,2850,2666
Data Zone S01001961,5839,5133,5364,6374,5985,3305,1811,4629
Data Zone S01001962,1851,2437,2407,1092,1287,3190,1074,1190
Data Zone S01001963,3826,3897,3962,3259,1982,5771,1564,2997
Data Zone S01001964,5155,5498,5746,5878,4179,1382,743,4341
Data Zone S01001965,1228,845,1687,1759,1546,2738,1729,442
Data Zone S01001966,403,339,656,849,205,4710,675,214
Data Zone S01001967,3667,3008,4536,5056,2250,2535,848,3606
Data Zone S01001968,5688,5011,5643,4796,5128,4292,1741,5477
Data Zone S01001969,2572,2452,2387,2839,1999,3952,1959,3047
Data Zone S01001970,6298,5610,6011,6398,6505,3392,6060,4244
Data Zone S01001971,973,1057,1028,1190,409,3821,1232,3209
Data Zone S01001972,6343,5732,6095,6233,5694,4595,2221,5692
Data Zone S01001973,4643,4528,4510,4630,4504,3320,695,2247
Data Zone S01001974,6482,6283,6389,6244,6394,5746,2340,4030
Data Zone S01001975,6291,5590,6217,5663,6461,5149,3008,3101
Data Zone S01001976,4931,4063,4418,5343,4070,4851,1216,5335
Data Zone S01001977,1767,1953,1780,1397,1901,3571,1406,1351
Data Zone S01001978,390,421,565,226,495,3615,1506,491
Data Zone S01001979,6432,5566,6342,6063,6255,6309,2130,4461
Data Zone S01001980,5978,4973,5760,6280,5783,5396,1100,3552
Data Zone S01001981,6195,5744,5480,6214,5875,5332,1307,4455
Data Zone S01001982,204,179,75,3372,91,4943,395,2292
Data Zone S01001983,6251,5648,6024,6480,5886,5101,751,4212
Data Zone S01001984,2417,1930,2583,3004,1649,4939,905,4200
Data Zone S01001985,3559,2592,4141,4650,2862,4620,1325,1695
Data Zone S01001986,6317,6304,6326,6249,4424,5874,817,4598
Data Zone S01001987,6479,6349,6473,6428,6379,5714,804,4564
Data Zone S01001988,3672,2707,3869,3035,4406,4122,1919,3190
Data Zone S01001989,5957,5423,5623,5859,5512,2685,4695,6291
Data Zone S01001990,6484,6417,6476,6454,6046,5206,1756,5119
Data Zone S01001991,3585,2721,4034,3303,3943,3887,1233,2444
Data Zone S01001992,5890,5454,4937,6169,5597,5023,2160,3726
Data Zone S01001993,6483,6352,6263,6210,6463,5077,4901,4098
Data Zone S01001994,6170,5240,5830,6020,6102,5424,1366,4383
Data Zone S01001995,5669,5585,6134,6289,4890,1514,1610,5974
Data Zone S01001996,6451,6161,6298,6485,5731,6504,834,4322
Data Zone S01001997,3088,2840,2957,3351,2914,4752,1324,1407
Data Zone S01001998,3966,2922,4343,5174,4224,2018,2839,2918
Data Zone S01001999,6466,6143,6420,6496,5499,6127,1101,5741
Data Zone S01002000,2790,2945,2774,2581,1918,4638,1593,2119
Data Zone S01002001,4105,3712,3755,5820,2625,5629,22,5441
Data Zone S01002002,6481,6460,6483,6505,6382,5705,482,5155
Data Zone S01002003,3697,3555,3745,3882,3770,1331,3741,4056
Data Zone S01002004,5161,4521,4715,6136,4922,4927,341,3104
Data Zone S01002005,1893,1955,1496,2327,2466,2530,1786,2063
Data Zone S01002006,3674,2887,4219,4949,2167,3394,4377,2605
Data Zone S01002007,4772,4793,4502,5328,3172,5715,25,4013
Data Zone S01002008,6440,6137,6142,6346,6103,6360,1053,3984
Data Zone S01002009,6459,6099,6235,6411,6233,5892,1135,5051
Data Zone S01002010,6350,6074,6316,6498,5495,4074,2367,4203
Data Zone S01002011,5692,5487,6208,5822,5333,1240,5419,5753
Data Zone S01002012,6077,5163,6201,6268,4977,5709,777,4416
Data Zone S01002013,6246,5419,6055,6388,6389,5327,1697,2783
Data Zone S01002014,6299,6077,6136,5611,5967,5947,681,3816
Data Zone S01002015,6276,6004,5867,6140,4989,4356,4764,4768
Data Zone S01002016,6108,5592,5986,6488,4698,5563,661,4478
Data Zone S01002017,45,147,48,53,32,2917,837,945
Data Zone S01002018,5027,4183,4249,5134,5015,3941,4168,4695
Data Zone S01002019,6469,6381,6464,6494,6261,5026,736,5438
Data Zone S01002020,6215,6252,6295,6497,4408,6223,55,5181
Data Zone S01002021,2230,2177,2456,1972,2171,2067,1701,3721
Data Zone S01002022,3193,3846,4108,3602,3574,693,1842,863
Data Zone S01002023,6368,5952,6225,6383,6107,6453,1055,2583
Data Zone S01002024,6209,5146,5502,5968,6321,6023,1433,6056
Data Zone S01002025,4065,4509,4365,3792,2176,4936,50,4170
Data Zone S01002026,6135,5459,6025,5592,6247,3900,3770,3611
Data Zone S01002027,5847,5361,5911,6038,4913,6156,352,2586
Data Zone S01002028,6256,6415,6492,6481,4307,5482,234,4421
Data Zone S01002029,6415,6156,6447,6501,5507,5360,431,5890
Data Zone S01002030,4806,4464,4238,5790,3972,5843,32,3950
Data Zone S01002031,2388,2289,2594,5499,873,5422,210,1737
Data Zone S01002032,5714,4245,5367,5934,6053,5646,919,5432
Data Zone S01002033,2564,3209,2582,4432,841,6187,40,1758
Data Zone S01002034,6015,5626,5959,6275,4492,5395,296,5467
Data Zone S01002035,4998,4527,5019,5200,5392,1480,2657,5576
Data Zone S01002036,3651,3634,3659,4574,1990,6144,14,3696
Data Zone S01002037,5572,5356,5889,6438,2851,5689,369,4457
Data Zone S01002038,6337,6049,6443,6491,5841,5293,486,3432
Data Zone S01002039,4505,4403,3826,5428,5066,2255,2302,2381
Data Zone S01002040,4620,4491,4953,3833,2993,6013,150,3894
Data Zone S01002041,5176,4660,4762,3798,5496,5941,809,3865
Data Zone S01002042,4209,3382,4122,3511,5022,5799,2615,1362
Data Zone S01002043,4962,4279,4757,4402,4084,4009,3841,4646
Data Zone S01002044,363,213,503,987,317,3646,607,968
Data Zone S01002045,4072,3200,4344,2980,4123,4397,4776,2851
Data Zone S01002046,1904,2204,1691,2968,1934,5933,42,339
Data Zone S01002047,5120,3774,5597,3665,5548,5973,779,4205
Data Zone S01002048,5985,5368,6268,6167,5378,6313,358,2108
Data Zone S01002049,5166,4594,4866,5195,4511,6175,220,3769
Data Zone S01002050,4370,4376,3550,4776,4046,2932,5316,2734
Data Zone S01002051,1353,1398,1502,1174,1487,3766,480,1008
Data Zone S01002052,3687,3482,3519,3238,3475,6044,28,3720
Data Zone S01002053,6290,5873,6145,6470,5366,6143,443,4285
Data Zone S01002054,5681,5029,5169,6404,4825,4517,944,5164
Data Zone S01002055,5443,5215,5848,6239,4487,1279,6120,5193
Data Zone S01002056,3993,3236,3937,2737,4551,3675,3488,4820
Data Zone S01002057,5956,5548,5350,5309,5958,4643,5207,2785
Data Zone S01002058,2562,3026,2398,4237,1213,4982,12,2542
Data Zone S01002059,2868,3223,2942,3659,1714,6093,101,1000
Data Zone S01002060,5268,5244,5680,5207,3179,6119,244,2889
Data Zone S01002061,4335,3650,3996,5819,3673,6402,249,1935
Data Zone S01002062,1317,1371,1043,1371,1586,3989,384,2863
Data Zone S01002063,4567,4378,4349,4861,3707,6409,291,1587
Data Zone S01002064,3537,3043,3424,5059,1977,5868,1102,2808
Data Zone S01002065,5360,4504,4841,6426,4628,6160,770,2936
Data Zone S01002066,3408,4070,3731,4038,2601,5932,133,281
Data Zone S01002067,4938,4027,4749,4053,4328,6297,2908,3147
Data Zone S01002068,3165,3529,3260,3321,1941,6285,23,2071
Data Zone S01002069,5355,5020,4401,4770,5908,3745,5593,3520
Data Zone S01002070,3523,2608,3353,5077,3143,5555,397,3141
Data Zone S01002071,5282,4942,5554,4641,4983,6308,314,1602
Data Zone S01002072,6075,5463,6238,5010,5814,3684,4785,4085
Data Zone S01002073,2555,2909,2182,3383,2093,6007,13,1546
Data Zone S01002074,6211,5687,5329,5959,5819,4611,5984,4840
Data Zone S01002075,5150,4344,5362,5259,3902,5729,780,3038
Data Zone S01002076,2888,2932,3291,3126,2981,6379,72,303
Data Zone S01002077,5892,5492,6088,4885,6057,2191,5719,5104
Data Zone S01002078,4560,5052,4178,5618,4828,1254,4234,1836
Data Zone S01002079,2498,2311,2612,4306,1289,5153,261,2343
Data Zone S01002080,6020,6169,5551,5071,5705,4353,5471,2253
Data Zone S01002081,3393,3488,3899,3963,1410,5606,727,2156
Data Zone S01002082,5649,4457,5938,4704,4528,4955,4894,5130
Data Zone S01002083,1253,1321,1144,1611,884,2245,950,4947
Data Zone S01002084,4623,4238,5120,6128,2785,6301,458,926
Data Zone S01002085,4983,5235,4488,5849,2739,6498,338,3174
Data Zone S01002086,3355,3438,3366,4352,4152,5914,117,209
Data Zone S01002087,2131,2057,2063,2565,2607,5949,539,370
Data Zone S01002088,4644,4305,4494,4083,5069,1811,4722,4392
Data Zone S01002089,6449,6201,5898,5673,6353,4701,5809,5476
Data Zone S01002090,4205,3938,4240,3317,4808,1961,3644,4014
Data Zone S01002091,3140,4318,4517,4826,459,5915,238,973
Data Zone S01002092,5773,5805,4829,4448,6351,3997,5642,3579
Data Zone S01002093,3587,3413,3696,5229,2383,5850,262,1027
Data Zone S01002094,2917,2877,2569,3531,2638,3052,1181,2975
Data Zone S01002095,6285,5978,5941,6338,6025,3131,5067,4593
Data Zone S01002096,6429,6293,6373,6282,6180,3379,6080,3965
Data Zone S01002097,6338,5655,6328,5442,5809,4530,5897,4756
Data Zone S01002098,4174,3261,3912,3145,5335,4214,3700,3516
Data Zone S01002099,5897,5754,5506,6197,4197,5529,1356,3370
Data Zone S01002100,4451,3808,3756,4485,3509,5704,4135,3497
Data Zone S01002101,1270,1393,1338,1233,1257,3197,471,1157
Data Zone S01002102,1215,1165,2493,1819,199,5084,925,495
Data Zone S01002103,5995,5759,5722,5723,6095,2593,4854,4065
Data Zone S01002104,1852,1995,2000,1748,1387,4642,298,1870
Data Zone S01002105,6324,6229,6448,5958,6489,2473,6083,3837
Data Zone S01002106,3880,4843,4619,4313,3538,5989,78,32
Data Zone S01002107,5284,5262,5914,4955,3320,4085,2770,2050
Data Zone S01002108,2531,3590,3297,2453,1923,4997,245,39
Data Zone S01002109,4593,5401,5094,5584,4334,5515,310,52
Data Zone S01002110,6438,6378,6368,6056,6499,3621,5219,3679
Data Zone S01002111,6196,5424,5338,5978,6328,4723,6027,4396
Data Zone S01002112,4799,4986,4382,3542,5147,2194,4315,4214
Data Zone S01002113,6272,6405,6043,5211,6070,2793,5778,5173
Data Zone S01002114,6335,6456,6058,6371,6368,2397,5677,4434
Data Zone S01002115,6397,6337,6397,6358,6181,5196,2838,1848
Data Zone S01002116,3363,2699,3354,3323,3276,4000,2667,3234
Data Zone S01002117,2860,4004,3171,3479,1170,4759,143,875
Data Zone S01002118,2298,2931,2596,1343,4018,5661,275,92
Data Zone S01002119,2796,2102,3439,2631,1674,4624,3836,4116
Data Zone S01002120,5300,4971,5226,6419,4888,2466,3210,2257
Data Zone S01002121,4145,3736,4031,3488,3529,4428,2293,3247
Data Zone S01002122,6288,6466,6380,6191,6502,1767,6382,4405
Data Zone S01002123,6204,6278,6465,6230,6018,1455,6332,5500
Data Zone S01002124,5562,5024,5525,5182,5390,2447,5107,4638
Data Zone S01002125,4889,4436,4448,4282,5385,3548,2370,2964
Data Zone S01002126,5949,5740,5523,5082,5155,3273,4528,6310
Data Zone S01002127,4255,3394,3813,4230,4576,5814,1568,2332
Data Zone S01002128,4957,5905,5819,6312,4841,3796,536,53
Data Zone S01002129,1842,2869,1805,1940,740,5269,370,1119
Data Zone S01002130,5440,5351,5295,6264,3406,2876,4117,4701
Data Zone S01002131,2964,4308,3384,3664,2356,5039,195,7
Data Zone S01002132,4484,3782,4466,4073,3420,4277,2988,4207
Data Zone S01002133,6184,5777,5859,6092,6397,3634,2888,3449
Data Zone S01002134,6072,6264,5689,5561,5412,3145,5560,3596
Data Zone S01002135,6453,6388,6463,6076,6442,3325,6036,4196
Data Zone S01002136,6134,5993,6284,6227,5118,2791,1926,5115
Data Zone S01002137,4273,3764,3969,4761,3623,2896,3719,3869
Data Zone S01002138,2144,1851,1816,1687,3596,4233,1082,3176
Data Zone S01002139,5869,5307,5519,6265,5860,2667,3781,4426
Data Zone S01002140,1413,1400,1697,2448,804,2130,554,1949
Data Zone S01002141,3313,2895,2989,4774,3788,5435,1469,516
Data Zone S01002142,5154,5139,4852,5449,5097,1758,4848,3692
Data Zone S01002143,4423,3840,4602,3948,3687,5323,4319,1343
Data Zone S01002144,6445,6385,6332,6101,6467,3558,6297,3779
Data Zone S01002145,6448,6316,6144,6375,6345,4098,4604,3974
Data Zone S01002146,4532,3673,4631,5893,3267,3534,589,5128
Data Zone S01002147,2354,2030,2273,3274,2401,3854,953,1846
Data Zone S01002148,6473,6491,6292,6296,6491,3413,6437,4994
Data Zone S01002149,1489,1422,1693,1388,1334,5544,505,942
Data Zone S01002150,4738,3813,4926,5096,3560,4515,1044,3842
Data Zone S01002151,3257,3484,3472,4005,1754,3959,98,3943
Data Zone S01002152,6286,6237,6333,5828,6283,2979,5888,2956
Data Zone S01002153,6166,5582,6108,5505,4871,4698,5446,4213
Data Zone S01002154,1407,1537,1457,1547,1268,1831,556,3423
Data Zone S01002155,1297,1176,1588,1325,832,5034,555,1764
Data Zone S01002156,5689,6168,6256,6475,6407,5110,1209,116
Data Zone S01002157,6497,6453,6477,6482,6395,4717,4972,4545
Data Zone S01002158,6456,6463,6485,6442,5519,3751,5022,4694
Data Zone S01002159,3727,3864,4881,3048,1600,4742,874,2500
Data Zone S01002160,1720,1440,1640,2229,1505,5730,400,2563
Data Zone S01002161,3197,3959,3939,2055,4549,5809,697,8
Data Zone S01002162,3546,3320,3052,4027,3554,2267,4725,4040
Data Zone S01002163,3319,3513,3462,4714,1988,4298,187,1667
Data Zone S01002164,2285,2328,3100,2128,2324,1564,1710,1282
Data Zone S01002165,4546,4334,4302,5546,4198,1605,2303,4585
Data Zone S01002166,6468,6224,6299,6432,6034,5490,2450,4423
Data Zone S01002167,2294,1907,1946,2422,3087,3373,2715,3684
Data Zone S01002168,4114,3125,3527,4170,5361,5928,388,3586
Data Zone S01002169,6222,5238,6148,6267,5848,4049,2117,5766
Data Zone S01002170,2073,2051,2010,1384,2574,3891,1450,2494
Data Zone S01002171,4063,4019,3299,3843,3425,4094,2483,4368
Data Zone S01002172,5506,4781,4975,4419,5567,3770,5323,5757
Data Zone S01002173,5437,4114,5429,4377,5745,6043,3735,3056
Data Zone S01002174,5081,4094,4707,5892,3829,5997,866,4543
Data Zone S01002175,5131,4714,5491,5139,3348,5753,485,2832
Data Zone S01002176,3760,3522,3963,2831,4296,2106,5354,2628
Data Zone S01002177,6425,5696,6432,6381,6033,5187,1334,5608
Data Zone S01002178,5721,4709,5128,5545,6339,6189,532,4337
Data Zone S01002179,6186,5694,6040,5621,4820,4391,5456,4858
Data Zone S01002180,5997,5712,6112,6018,4560,5698,1454,2252
Data Zone S01002181,3413,3174,3185,3838,3793,3908,327,2219
Data Zone S01002182,5685,5051,4772,6466,5573,4920,1318,3949
Data Zone S01002183,3759,3982,4100,4041,2284,6166,130,1254
Data Zone S01002184,6332,6196,6244,5842,5975,4210,5221,2669
Data Zone S01002185,1298,1294,1843,1212,633,3973,512,1947
Data Zone S01002186,5884,5631,6118,6452,2935,5936,772,5270
Data Zone S01002187,6410,5937,6141,6495,6012,5261,1776,4469
Data Zone S01002188,6118,5784,6071,5973,5971,2455,5434,4378
Data Zone S01002189,3508,3344,3263,2545,3964,5863,564,2493
Data Zone S01002190,5415,5118,5344,6145,4593,6410,492,1238
Data Zone S01002191,438,564,333,723,430,4062,1087,780
Data Zone S01002192,2950,2777,2590,3052,3489,2930,1284,3122
Data Zone S01002193,6500,6193,6423,6274,6465,5898,5884,4373
Data Zone S01002194,3124,2716,2900,3458,2666,4674,1092,3269
Data Zone S01002195,5359,4182,5895,3813,5240,6154,683,4647
Data Zone S01002196,5188,4583,5542,5192,5084,1971,3236,4084
Data Zone S01002197,3144,3031,2720,3915,3200,4431,427,1854
Data Zone S01002198,4036,3518,3935,3500,3789,5803,163,3981
Data Zone S01002199,5587,5018,4924,6077,4907,5859,1518,2696
Data Zone S01002200,6498,6412,6452,6269,6476,4212,6240,5743
Data Zone S01002201,6283,5768,5821,5724,5941,6102,1142,4581
Data Zone S01002202,5856,5636,6310,5852,3849,6457,1734,1537
Data Zone S01002203,5701,4988,5639,6417,3653,6397,445,5359
Data Zone S01002204,1075,1392,640,1689,890,4844,796,1389
Data Zone S01002205,5908,5371,5720,3931,6127,6331,1482,3971
Data Zone S01002206,3470,4010,3707,4113,1826,6136,387,849
Data Zone S01002207,5521,4898,5198,5397,5075,3861,3725,3389
Data Zone S01002208,6352,5559,6347,6443,5822,5470,1285,4418
Data Zone S01002209,3980,4001,4136,5792,2255,5289,147,1446
Data Zone S01002210,6339,5302,6264,6390,6340,5582,1762,3992
Data Zone S01002211,184,316,65,339,716,4383,984,275
Data Zone S01002212,1382,1333,1228,1634,1374,4304,1151,1633
Data Zone S01002213,3017,2934,3283,4036,3312,940,3116,2356
Data Zone S01002214,6226,5748,6176,6406,4352,5797,2340,3697
Data Zone S01002215,5814,5437,5658,4395,6176,5256,4523,1810
Data Zone S01002216,2596,3137,3390,3091,1138,4203,19,1430
Data Zone S01002217,3538,3576,4288,3726,2277,5987,94,1057
Data Zone S01002218,6173,5357,5860,6433,6222,6477,687,2790
Data Zone S01002219,6301,6268,5977,4747,6168,4407,5723,4127
Data Zone S01002220,5898,6235,5818,6152,6352,944,6214,6199
Data Zone S01002221,2734,2920,3003,2744,1864,4946,43,2478
Data Zone S01002222,6379,6376,6391,5815,6188,5533,6181,1331
Data Zone S01002223,6105,5775,6080,5994,6309,2684,5998,2926
Data Zone S01002224,6021,5852,5666,5949,6406,2127,6114,4295
Data Zone S01002225,5499,4983,5243,5744,5587,6280,740,1325
Data Zone S01002226,6041,5964,5972,4221,5590,5534,1396,3862
Data Zone S01002227,709,1001,486,991,538,4706,1598,878
Data Zone S01002228,4710,4921,4483,3611,3712,2673,4667,4575
Data Zone S01002229,5766,5135,6068,5706,6130,1694,6337,4682
Data Zone S01002230,5057,5023,4579,5898,3497,5833,391,2763
Data Zone S01002231,6426,6011,6434,6201,5835,4560,3438,4294
Data Zone S01002232,1829,2068,2392,1872,1103,4786,904,405
Data Zone S01002233,2245,2316,2760,1714,2040,5861,123,988
Data Zone S01002234,3023,3122,3116,3544,1564,5551,215,2981
Data Zone S01002235,4863,4801,4594,5127,3009,6064,633,2760
Data Zone S01002236,1810,2016,2240,1527,1186,4833,1319,781
Data Zone S01002237,4635,4534,4157,4431,3597,5701,1915,1879
Data Zone S01002238,670,1097,376,418,922,4720,2248,1424
Data Zone S01002239,270,354,205,233,605,6332,1187,515
Data Zone S01002240,1734,1817,1320,1900,2065,5210,292,2428
Data Zone S01002241,1211,1218,1359,1412,847,4121,576,1198
Data Zone S01002242,6164,5557,5828,5148,5765,5883,4113,3121
Data Zone S01002243,3949,3466,3831,4339,3866,5711,495,1297
Data Zone S01002244,4295,4111,4008,5136,2469,5739,297,4235
Data Zone S01002245,5606,5121,5951,5808,3541,5037,2042,2903
Data Zone S01002246,2968,2995,2971,3042,2576,6169,128,1332
Data Zone S01002247,879,811,1194,1231,340,4487,833,1438
Data Zone S01002248,6367,5832,5984,5329,5903,5831,4247,4576
Data Zone S01002249,1881,2023,2529,1933,609,6199,251,2473
Data Zone S01002250,5551,4460,5250,6192,4340,5570,1880,4326
Data Zone S01002251,6231,6061,6228,6164,6134,1782,6157,6294
Data Zone S01002252,4459,4216,3105,5617,5494,3014,6196,2348
Data Zone S01002253,2173,2086,2190,1799,2079,5525,1400,1554
Data Zone S01002254,3261,3451,2994,3205,2397,6005,293,2675
Data Zone S01002255,3294,3458,3364,2967,2936,4322,160,2465
Data Zone S01002256,6254,5917,6307,6215,5632,2900,4127,4654
Data Zone S01002257,4061,3860,3540,3620,3532,5537,2760,2180
Data Zone S01002258,2529,2365,3807,2274,1148,6456,67,2173
Data Zone S01002259,3575,3119,3102,4576,3262,3137,1489,4484
Data Zone S01002260,6055,5890,6372,5880,6405,1383,6096,5396
Data Zone S01002261,5105,4792,4620,3489,4940,5285,3029,3701
Data Zone S01002262,5330,5164,4771,5234,5096,3786,5209,2043
Data Zone S01002263,6253,6258,6344,6115,6329,2064,6328,3755
Data Zone S01002264,4123,4106,3560,2660,4672,6059,1146,2499
Data Zone S01002265,1195,1085,1858,1492,467,5565,749,679
Data Zone S01002266,1791,2033,1587,2065,1724,6401,462,554
Data Zone S01002267,1610,1664,2331,1859,571,6095,1668,510
Data Zone S01002268,5924,5699,5119,5738,5729,3567,5810,3781
Data Zone S01002269,5738,4360,5935,3835,6273,6118,2362,5087
Data Zone S01002270,2723,3041,3478,2865,1592,6452,377,351
Data Zone S01002271,5149,4325,4086,4968,5035,5552,3351,4955
Data Zone S01002272,5488,5146,5141,5223,4286,4408,4301,3276
Data Zone S01002273,2677,2876,2953,1928,2023,6195,419,1630
Data Zone S01002274,2404,2509,2258,2037,2257,5832,389,2296
Data Zone S01002275,1204,1020,1593,1295,808,5317,1093,831
Data Zone S01002276,6305,6222,6360,6451,6503,1825,6472,5081
Data Zone S01002277,627,362,957,454,1161,5541,1277,378
Data Zone S01002278,467,407,696,495,448,6391,808,200
Data Zone S01002279,313,278,507,297,369,5447,1034,299
Data Zone S01002280,5880,5381,5080,5806,5125,3877,5286,5468
Data Zone S01002281,261,170,389,729,186,5815,705,711
Data Zone S01002282,545,1229,729,686,75,6290,421,21
Data Zone S01002283,5561,4141,4909,5653,5788,4999,4575,4938
Data Zone S01002284,3340,3058,4626,2275,2600,3529,1621,1975
Data Zone S01002285,786,680,1171,504,802,6244,459,579
Data Zone S01002286,5148,4516,5255,3231,5917,6069,1328,2435
Data Zone S01002287,6140,5571,5270,6014,5395,5652,3967,4273
Data Zone S01002288,2768,2442,3104,2525,1989,6039,700,2382
Data Zone S01002289,1449,1591,1841,661,1515,6412,478,786
Data Zone S01002290,837,1082,1254,888,269,6425,329,364
Data Zone S01002291,46,80,39,314,31,5769,719,151
Data Zone S01002292,1638,1306,1574,1108,2664,6436,320,2457
Data Zone S01002293,2920,2704,3367,3191,2212,4827,907,995
Data Zone S01002294,6030,5190,5853,4735,5686,5893,5786,3173
Data Zone S01002295,6085,5898,5704,6181,6156,2275,4007,5347
Data Zone S01002296,2305,5152,3654,3064,5,6055,444,4864
Data Zone S01002297,3400,3664,2912,2485,3135,4497,3758,2746
Data Zone S01002298,5813,4595,5897,5585,5357,5579,4198,2606
Data Zone S01002299,5515,5211,5536,5440,5639,2838,5565,1730
Data Zone S01002300,6492,6101,6311,6213,6359,5221,5583,6076
Data Zone S01002301,2639,2197,3451,3751,1075,5442,1912,1442
Data Zone S01002302,575,588,679,575,439,5667,1405,559
Data Zone S01002303,1575,1471,1948,1072,1443,4801,977,1481
Data Zone S01002304,3401,3389,4013,3118,2165,5453,1040,1208
Data Zone S01002305,568,685,527,571,539,6264,96,919
Data Zone S01002306,2623,2669,3445,2073,1647,6207,627,864
Data Zone S01002307,4086,3479,4027,4570,3307,5665,825,2013
Data Zone S01002308,6125,5278,5520,5781,6011,5870,2925,3660
Data Zone S01002309,1161,1172,1141,934,851,6325,823,2175
Data Zone S01002310,241,377,117,224,641,6359,714,852
Data Zone S01002311,6277,6075,6205,6253,6035,2591,6203,4139
Data Zone S01002312,414,350,425,596,614,5048,1287,321
Data Zone S01002313,6094,5723,4823,6151,6124,6068,4705,2797
Data Zone S01002314,5381,4570,5138,5041,6169,4164,1357,2963
Data Zone S01002315,5901,5541,5537,5249,4472,5043,4777,3956
Data Zone S01002316,6433,6270,6098,6379,6484,3285,6055,4824
Data Zone S01002317,2772,3272,3164,2085,2694,3580,317,1026
Data Zone S01002318,1425,1618,1600,1410,902,6146,472,686
Data Zone S01002319,804,913,737,933,645,3593,1071,1905
Data Zone S01002320,6078,5382,5944,4821,5877,5273,3546,3740
Data Zone S01002321,102,134,204,91,80,3833,1238,595
Data Zone S01002322,3745,3875,2846,3146,4939,4059,430,3760
Data Zone S01002323,4119,3802,3739,3501,3878,5808,1402,2277
Data Zone S01002324,180,152,290,369,220,4602,1220,273
Data Zone S01002325,2366,2252,2805,1778,2481,5029,1157,949
Data Zone S01002326,2218,2273,2341,1807,2063,5983,255,1542
Data Zone S01002327,4297,4024,5072,4674,5054,684,4427,3420
Data Zone S01002328,5377,5011,5130,4511,4514,3454,3194,5795
Data Zone S01002329,5247,4846,5601,4668,3809,2573,4544,5993
Data Zone S01002330,3820,3093,3234,3890,3370,5063,3204,4360
Data Zone S01002331,3516,2982,3304,3449,2982,4805,1345,4517
Data Zone S01002332,6200,6153,5963,5957,5381,2753,5506,5069
Data Zone S01002333,6212,5755,5991,6297,5588,2833,5666,5516
Data Zone S01002334,6346,5634,6254,6086,6160,4337,5055,3785
Data Zone S01002335,4992,5069,4682,3902,5331,6151,4943,564
Data Zone S01002336,6183,5315,6012,5604,5797,4083,5393,5013
Data Zone S01002337,5664,5243,5405,6027,5111,2119,5034,6006
Data Zone S01002338,2021,1683,1924,1757,3098,4478,1224,1708
